{"Canada": 1.03582, "Turkmenistan": 4.12436, "Montenegro": 0.769044, "Lithuania": 1.92561, "Cambodia": 0.460523, "Ethiopia": 0.683392, "Swaziland": 2.34179, "Palestine": 4.83497, "Argentina": 2.68664, "Bolivia": 0.44344, "Cameroon": 0.0052413, "Burkina Faso": 1.90185e-06, "Bahrain": 5, "Saudi Arabia": 4.9999, "Slovenia": 0.360399, "Guatemala": 0.513645, "Bosnia and Herzegovina": 0.303608, "Guinea": 0.0126413, "Germany": 1.76346, "Spain": 3.76963, "Liberia": 0.0127994, "Netherlands": 1.83457, "Oman": 4.97616, "Costa Rica": 1.01478, "Ivory Coast": 0.0178792, "Gabon": 0, "Monaco": 3.48393, "New Zealand": 0.611541, "Yemen": 4.95241, "Pakistan": 4.32752, "Albania": 2.43807, "United Arab Emirates": 5, "Uruguay": 0.675249, "India": 3.69775, "Azerbaijan": 4.07537, "Lesotho": 1.27866, "Republic of Serbia": 0.759945, "Kenya": 0.443906, "South Korea": 2.53377, "Tajikistan": 3.31262, "Turkey": 3.84709, "Afghanistan": 4.02971, "Czech Republic": 1.65334, "Mauritania": 0.507708, "Hungary": 0.577557, "San Marino": 5, "Mongolia": 3.65084, "France": 1.98468, "Rwanda": 0, "Slovakia": 0.771259, "Somalia": 1.60118, "Peru": 3.33534, "Laos": 0.0380109, "Norway": 0.517264, "Malawi": 0, "Benin": 0.00103367, "Cuba": 2.83761, "United States of America": 3.17105, "Republic of the Congo": 0, "Togo": 0.0566496, "China": 3.18639, "Armenia": 4.16354, "Dominican Republic": 3.63817, "Ukraine": 2.85256, "Ghana": 0.285617, "Finland": 1.45405, "Libya": 4.86561, "Indonesia": 2.75949, "Central African Republic": 0, "Sweden": 1.59527, "Belarus": 1.17973, "Mali": 0.35588, "Russia": 1.58348, "Bulgaria": 1.6096, "Romania": 1.30503, "Angola": 0.60546, "Portugal": 3.07007, "South Africa": 2.97716, "Liechtenstein": 0.469848, "Malaysia": 0.967345, "Senegal": 0.537304, "Vietnam": 1.04334, "Mozambique": 0.498585, "Uganda": 0.00170229, "Japan": 2.31258, "Niger": 0.132915, "Brazil": 0.867064, "Kuwait": 5, "Panama": 0.00269393, "Madagascar": 1.15032, "Luxembourg": 2.75196, "Andorra": 3.34167, "Ireland": 1.73963, "Nigeria": 0.449299, "Ecuador": 2.09243, "Bangladesh": 0.257781, "Brunei": 0, "Australia": 3.29655, "Iran": 4.80695, "Algeria": 3.37641, "El Salvador": 0.530484, "Chile": 3.69347, "Belgium": 3.50261, "Thailand": 1.83283, "Haiti": 2.53093, "Iraq": 4.28491, "Sierra Leone": 0.00405973, "Georgia": 2.19644, "Denmark": 0.448375, "Philippines": 2.63314, "Guinea Bissau": 0, "Moldova": 2.445, "Morocco": 4.24268, "Namibia": 2.39705, "United Republic of Tanzania": 0.978613, "Switzerland": 1.14183, "Belize": 0.315318, "Chad": 0.578991, "Estonia": 2.96373, "Kosovo": 2.28126, "Equatorial Guinea": 0, "Lebanon": 4.74989, "Uzbekistan": 4.03436, "Egypt": 1.37109, "Djibouti": 0.26138, "Timor-Leste": 2.99719, "Colombia": 0.279381, "Burundi": 0, "Taiwan": 1.97233, "Nicaragua": 0.396072, "Qatar": 5, "Italy": 3.51013, "Bhutan": 0, "Sudan": 1.21122, "Nepal": 2.19039, "Democratic Republic of the Congo": 2.45493e-06, "Suriname": 0.241106, "Venezuela": 1.92148, "Israel": 4.98246, "Iceland": 0, "Zambia": 0, "Austria": 0.441201, "Papua New Guinea": 0.0704096, "Zimbabwe": 0.683435, "Jordan": 4.80303, "Gambia": 0.263257, "Kazakhstan": 4.66141, "Poland": 1.8351, "Eritrea": 3.63509, "Kyrgyzstan": 4.90485, "Macedonia": 3.93188, "North Korea": 1.47306, "Paraguay": 0.0028636, "Latvia": 0.651781, "South Sudan": 0, "Guyana": 0.67434, "Syria": 4.27169, "Honduras": 0.331237, "Myanmar": 0.165283, "Mexico": 3.68766, "Tunisia": 3.47241, "Singapore": 5, "United Kingdom": 2.56564, "Greece": 3.82719, "Sri Lanka": 2.6865, "Croatia": 0.323387, "Botswana": 1.9743}